firstname;Last name
Oskar;SMITH
Nikolaj;JOHNSON
Malthe;WILLIAMS
Noah;BROWN
Liam;JONES
Mason;MILLER
Ethan;DAVIS
Jacob;GARCIA
William;RODRIGUEZ
Henrik;WILSON
Jorge;MARTINEZ
George;ANDERSON
James;TAYLOR
Alexander;THOMAS
Michael;HERNANDEZ
Benjamin;MOORE
Elijah;MARTIN
Daniel;JACKSON
Aiden;THOMPSON
Logan;WHITE
Matthew;LOPEZ
Jesper;LEE
Martin;GONZALEZ
Andreas;HARRIS
Torben;CLARK
David;LEWIS
Oliver;ROBINSON
Jayden;WALKER
Joseph;PEREZ
Lucas;HALL
Gabriel;YOUNG
Samuel;ALLEN
Carter;SANCHEZ
Anthony;WRIGHT
John;KING
Harper;SCOTT
Dylan;GREEN
Luke;BAKER
Henry;ADAMS
Jackson;NELSON
Andrew;HILL
Isaac;RAMIREZ
Paw;CAMPBELL
Christopher;MITCHELL
Joshua;ROBERTS
Enzo;CARTER
Endrick;PHILLIPS
Wyatt;EVANS
Sebastian;TURNER
Owen;TORRES
Evelyn;PARKER
Avery;COLLINS
Caleb;EDWARDS
Nathan;STEWART
Ryan;FLORES
Jack;MORRIS
Hunter;NGUYEN
Levi;MURPHY
Christian;RIVERA
Jaxon;COOK
Carson;ROGERS
Xavier;MORGAN
Leo;PETERSON
Kennedy;COOPER
Ezra;REED
Kayden;BAILEY
Blake;BELL
Nathaniel;GOMEZ
Genesis;KELLY
Landon;HOWARD
Charles;WARD
Thomas;COX
Aaron;DIAZ
Scarlett;RICHARDSON
Eli;WOOD
Jonathan;WATSON
Connor;BROOKS
Jeremiah;BENNETT
Cameron;GRAY
Kevin;JAMES
Jose;REYES
Josiah;CRUZ
Audrey;HUGHES
Chase;PRICE
Parker;MYERS
Adam;LONG
Jace;FOSTER
Nora;SANDERS
Ian;ROSS
Brooklyn;MORALES
Jordan;POWELL
Brayden;SULLIVAN
Nicholas;RUSSELL
Robert;ORTIZ
Dominic;JENKINS
Austin;GUTIERREZ
Gavin;PERRY
Nolan;BUTLER
Riley;BARNES
Evan;FISHER
